Track name, Artist name, Album, Playlist name, Type
The Masterplan (Remastered),Oasis,(What's The Story) Morning Glory? [Remastered],Favourites 2019/02/20,Playlist track
Don't Look Back in Anger (Remastered),Oasis,(What's The Story) Morning Glory? [Remastered],Favourites 2019/02/20,Playlist track
Breezeblocks,alt-J,An Awesome Wave,Favourites 2019/02/20,Playlist track
Golden Skans,Klaxons,Golden Skans,Favourites 2019/02/20,Playlist track
I Wanna Be Yours,Arctic Monkeys,AM,Favourites 2019/02/20,Playlist track
R U Mine?,Arctic Monkeys,AM,Favourites 2019/02/20,Playlist track
Do I Wanna Know?,Arctic Monkeys,AM,Favourites 2019/02/20,Playlist track
Fluorescent Adolescent,Arctic Monkeys,Favourite Worst Nightmare,Favourites 2019/02/20,Playlist track
Snap Out of It,Arctic Monkeys,AM,Favourites 2019/02/20,Playlist track
Cast No Shadow (Remastered),Oasis,(What's The Story) Morning Glory? [Remastered],Favourites 2019/02/20,Playlist track
Live Forever (Remastered),Oasis,Definitely Maybe (Remastered),Favourites 2019/02/20,Playlist track
Supersonic (Remastered),Oasis,Definitely Maybe (Remastered),Favourites 2019/02/20,Playlist track
Tap Out,The Strokes,Comedown Machine,Favourites 2019/02/20,Playlist track
Digsy's Dinner (Remastered),Oasis,Definitely Maybe (Remastered),Favourites 2019/02/20,Playlist track
One for the Road,Arctic Monkeys,AM,Favourites 2019/02/20,Playlist track
Someday,The Strokes,Is This It,Favourites 2019/02/20,Playlist track
Last Nite,The Strokes,Is This It,Favourites 2019/02/20,Playlist track
The Bakery,Arctic Monkeys,Fluorescent Adolescent,Favourites 2019/02/20,Playlist track
If I Fell (Remastered 2009),The Beatles,A Hard Day's Night (Remastered),Favourites 2019/02/20,Playlist track
Little By Little,Oasis,Time Flies...1994-2009,Favourites 2019/02/20,Playlist track
There Is a Light That Never Goes Out (2011 Remaster),The Smiths,Complete,Favourites 2019/02/20,Playlist track
"I Know (Live from Los Angeles, CA 2015)",Drake Bell,Jam in the Van - Drake Bell,Favourites 2019/02/20,Playlist track
She Is Love,Oasis,Time Flies...1994-2009,Favourites 2019/02/20,Playlist track
Married with Children (Remastered),Oasis,Definitely Maybe (Remastered),Favourites 2019/02/20,Playlist track
Mr. Brightside,The Killers,Nu Rock,Favourites 2019/02/20,Playlist track
Fireside,Arctic Monkeys,AM,Favourites 2019/02/20,Playlist track
The Death Of You And Me (Album Version),Noel Gallagher's High Flying Birds,Noel Gallagher's High Flying Birds,Favourites 2019/02/20,Playlist track
While The Song Remains The Same,Noel Gallagher's High Flying Birds,Chasing Yesterday,Favourites 2019/02/20,Playlist track
AKA...What A Life!,Noel Gallagher's High Flying Birds,Noel Gallagher's High Flying Birds,Favourites 2019/02/20,Playlist track
Wall Of Glass,Liam Gallagher,As You Were (Deluxe Edition),Favourites 2019/02/20,Playlist track
For What It's Worth,Liam Gallagher,As You Were (Deluxe Edition),Favourites 2019/02/20,Playlist track
Paper Crown,Liam Gallagher,As You Were (Deluxe Edition),Favourites 2019/02/20,Playlist track
Come Back To Me,Liam Gallagher,As You Were (Deluxe Edition),Favourites 2019/02/20,Playlist track
Holy Mountain,Noel Gallagher's High Flying Birds,Holy Mountain,Favourites 2019/02/20,Playlist track
Still Into You,Paramore,Paramore,Favourites 2019/02/20,Playlist track
Ain't It Fun,Paramore,Paramore,Favourites 2019/02/20,Playlist track
Careful,Paramore,brand new eyes,Favourites 2019/02/20,Playlist track
Last Hope,Paramore,Paramore,Favourites 2019/02/20,Playlist track
Hard Times,Paramore,Hard Times,Favourites 2019/02/20,Playlist track
While My Guitar Gently Weeps (Remastered 2009),The Beatles,The Beatles (Remastered),Favourites 2019/02/20,Playlist track
Told You So,Paramore,After Laughter,Favourites 2019/02/20,Playlist track
Tear In My Heart,Twenty One Pilots,Blurryface,Favourites 2019/02/20,Playlist track
Run For Cover,The Killers,Wonderful Wonderful (Deluxe),Favourites 2019/02/20,Playlist track
Spent the Day in Bed,Morrissey,Spent the Day in Bed,Favourites 2019/02/20,Playlist track
The Way You Used To Do,Queens of the Stone Age,The Way You Used To Do,Favourites 2019/02/20,Playlist track
Boys Don't Cry,The Cure,Greatest Hits,Favourites 2019/02/20,Playlist track
Friday I'm In Love,The Cure,Wish,Favourites 2019/02/20,Playlist track
Help! (Remastered 2009),The Beatles,Help! (Remastered),Favourites 2019/02/20,Playlist track
Fake Happy,Paramore,After Laughter,Favourites 2019/02/20,Playlist track
26,Paramore,After Laughter,Favourites 2019/02/20,Playlist track
Suck It and See,Arctic Monkeys,Suck It and See,Favourites 2019/02/20,Playlist track
Black & White Sunshine,Noel Gallagher's High Flying Birds,Who Built The Moon?,Favourites 2019/02/20,Playlist track
If Love Is The Law,Noel Gallagher's High Flying Birds,Who Built The Moon?,Favourites 2019/02/20,Playlist track
Keep On Reaching,Noel Gallagher's High Flying Birds,Who Built The Moon?,Favourites 2019/02/20,Playlist track
Best of You,Foo Fighters,Greatest Hits,Favourites 2019/02/20,Playlist track
Lemon to a Knife Fight,The Wombats,Lemon to a Knife Fight,Favourites 2019/02/20,Playlist track
"Dead In The Water (Live At RTÉ 2FM Studios, Dublin)",Noel Gallagher's High Flying Birds,Who Built The Moon?,Favourites 2019/02/20,Playlist track
Heaven Knows I'm Miserable Now (2008 Remaster),The Smiths,The Sound Of The Smiths [Deluxe Edition],Favourites 2019/02/20,Playlist track
How Did We Get So Dark?,Royal Blood,How Did We Get So Dark?,Favourites 2019/02/20,Playlist track
Lullaby,Frank Carter & The Rattlesnakes,Modern Ruin,Favourites 2019/02/20,Playlist track
Turn,The Wombats,Turn,Favourites 2019/02/20,Playlist track
Polarize,Twenty One Pilots,Blurryface,Favourites 2019/02/20,Playlist track
Fairly Local,Twenty One Pilots,Blurryface,Favourites 2019/02/20,Playlist track
Black (Brendan O'Brien Mix),Pearl Jam,Ten Redux,Favourites 2019/02/20,Playlist track
Not Warriors,Waterparks,Entertainment,Favourites 2019/02/20,Playlist track
Feel The Love Go (Edit),Franz Ferdinand,Feel The Love Go (Edit),Favourites 2019/02/20,Playlist track
Leave It In My Dreams,The Voidz,Leave It In My Dreams,Favourites 2019/02/20,Playlist track
Black Flamingo,The Wombats,Beautiful People Will Ruin Your Life,Favourites 2019/02/20,Playlist track
"Nameless, Faceless",Courtney Barnett,"Nameless, Faceless",Favourites 2019/02/20,Playlist track
bernard trigger,cleopatrick,bernard trigger,Favourites 2019/02/20,Playlist track
Let's Dance To Joy Division,The Wombats,"Proudly Present....A Guide To Love, Loss & Desperation",Favourites 2019/02/20,Playlist track
Lethal Combination,The Wombats,Beautiful People Will Ruin Your Life,Favourites 2019/02/20,Playlist track
The Roller,Beady Eye,The Roller,Favourites 2019/02/20,Playlist track
Flick of The Finger,Beady Eye,BE,Favourites 2019/02/20,Playlist track
Nervous,The Neighbourhood,Nervous,Favourites 2019/02/20,Playlist track
Daddy Issues,The Neighbourhood,Wiped Out!,Favourites 2019/02/20,Playlist track
Somebody Told Me,The Killers,Hot Fuss,Favourites 2019/02/20,Playlist track
Human (Album Version),The Killers,Day & Age,Favourites 2019/02/20,Playlist track
Half the World Away (Remastered),Oasis,Definitely Maybe (Remastered),Favourites 2019/02/20,Playlist track
Falling Down,Oasis,Falling Down,Favourites 2019/02/20,Playlist track
If I Had A Gun...,Noel Gallagher's High Flying Birds,If I Had A Gun...,Favourites 2019/02/20,Playlist track
Underneath the Sky,Oasis,The Masterplan,Favourites 2019/02/20,Playlist track
Lazy Boy,The Voidz,Virtue,Favourites 2019/02/20,Playlist track
ALieNNatioN,The Voidz,Virtue,Favourites 2019/02/20,Playlist track
Acquiesce,Oasis,The Masterplan,Favourites 2019/02/20,Playlist track
Rockin' Chair,Oasis,The Masterplan,Favourites 2019/02/20,Playlist track
Can't Stop,Red Hot Chili Peppers,By The Way (Deluxe Version),Favourites 2019/02/20,Playlist track
Put Your Money on Me (Single Version),Arcade Fire,Put Your Money on Me (Single Version),Favourites 2019/02/20,Playlist track
Over My Head,Echosmith,Over My Head,Favourites 2019/02/20,Playlist track
Choke,I DONT KNOW HOW BUT THEY FOUND ME,Choke,Favourites 2019/02/20,Playlist track
Rose-Colored Boy,Paramore,After Laughter,Favourites 2019/02/20,Playlist track
Are You In Love With A Notion?,The Courteeners,ANNA,Favourites 2019/02/20,Playlist track
Cheetah Tongue,The Wombats,Cheetah Tongue,Favourites 2019/02/20,Playlist track
Stellify (Album Version),Ian Brown,My Way (UK Digital Album),Favourites 2019/02/20,Playlist track
Centuries,Fall Out Boy,American Beauty/American Psycho,Favourites 2019/02/20,Playlist track
Talk,Against The Current,Gravity,Favourites 2019/02/20,Playlist track
Bide Your Time,The Courteeners,St. Jude,Favourites 2019/02/20,Playlist track
Two Fingers,Jake Bugg,Jake Bugg,Favourites 2019/02/20,Playlist track
Broken,Jake Bugg,Jake Bugg,Favourites 2019/02/20,Playlist track
We Can Work It Out (Remastered 2015),The Beatles,1 (Remastered),Favourites 2019/02/20,Playlist track
Stuck on the puzzle,Alex Turner,Submarine - Original Songs From The Film By Alex Turner,Favourites 2019/02/20,Playlist track
My Mistakes Were Made For You,The Last Shadow Puppets,The Age Of The Understatement,Favourites 2019/02/20,Playlist track
Crying Lightning,Arctic Monkeys,Humbug,Favourites 2019/02/20,Playlist track
Why'd You Only Call Me When You're High?,Arctic Monkeys,AM,Favourites 2019/02/20,Playlist track
Don't Sit Down 'Cause I've Moved Your Chair,Arctic Monkeys,Suck It and See,Favourites 2019/02/20,Playlist track
Miracle Aligner,The Last Shadow Puppets,Everything You've Come To Expect,Favourites 2019/02/20,Playlist track
In The Heat Of The Moment,Noel Gallagher's High Flying Birds,Chasing Yesterday,Favourites 2019/02/20,Playlist track
I Bet You Look Good On The Dancefloor,Arctic Monkeys,I Bet You Look Good On The Dancefloor,Favourites 2019/02/20,Playlist track
It’s A Beautiful World (Radio Edit),Noel Gallagher's High Flying Birds,It’s A Beautiful World,Favourites 2019/02/20,Playlist track
Knee Socks,Arctic Monkeys,AM,Favourites 2019/02/20,Playlist track
Teddy Picker,Arctic Monkeys,Favourite Worst Nightmare,Favourites 2019/02/20,Playlist track
Do Me a Favour,Arctic Monkeys,Favourite Worst Nightmare,Favourites 2019/02/20,Playlist track
Four Out Of Five,Arctic Monkeys,Tranquility Base Hotel & Casino,Favourites 2019/02/20,Playlist track
Batphone,Arctic Monkeys,Tranquility Base Hotel & Casino,Favourites 2019/02/20,Playlist track
The Ultracheese,Arctic Monkeys,Tranquility Base Hotel & Casino,Favourites 2019/02/20,Playlist track
Star Treatment,Arctic Monkeys,Tranquility Base Hotel & Casino,Favourites 2019/02/20,Playlist track
Cornerstone,Arctic Monkeys,Cornerstone,Favourites 2019/02/20,Playlist track
"Sweet Dreams, TN",The Last Shadow Puppets,Everything You've Come To Expect (Deluxe Edition),Favourites 2019/02/20,Playlist track
Pattern,The Last Shadow Puppets,Everything You've Come To Expect (Deluxe Edition),Favourites 2019/02/20,Playlist track
Everything You've Come To Expect,The Last Shadow Puppets,Everything You've Come To Expect (Deluxe Edition),Favourites 2019/02/20,Playlist track
Dirty Laundry,All Time Low,Dirty Laundry,Favourites 2019/02/20,Playlist track
"Dance, Dance",Fall Out Boy,From Under The Cork Tree Limited Tour Edition,Favourites 2019/02/20,Playlist track
Reborn,KIDS SEE GHOSTS,KIDS SEE GHOSTS,Favourites 2019/02/20,Playlist track
Come On Then,Lily Allen,No Shame,Favourites 2019/02/20,Playlist track
Stressed Out,Twenty One Pilots,Blurryface,Favourites 2019/02/20,Playlist track
Cigarette Daydreams,Cage The Elephant,Melophobia,Favourites 2019/02/20,Playlist track
Seen It All,Jake Bugg,Jake Bugg,Favourites 2019/02/20,Playlist track
On Melancholy Hill,Gorillaz,Plastic Beach,Favourites 2019/02/20,Playlist track
Feels Like We Only Go Backwards,Tame Impala,Lonerism,Favourites 2019/02/20,Playlist track
Electric Feel,MGMT,Oracular Spectacular,Favourites 2019/02/20,Playlist track
Machu Picchu,The Strokes,Angles,Favourites 2019/02/20,Playlist track
Crush,Tessa Violet,Crush,Favourites 2019/02/20,Playlist track
Champagne Supernova (Remastered),Oasis,(What's The Story) Morning Glory? [Remastered],Favourites 2019/02/20,Playlist track
Junk Of The Heart (Happy),The Kooks,Junk Of The Heart,Favourites 2019/02/20,Playlist track
3AM,You Me At Six,3AM,Favourites 2019/02/20,Playlist track
Fast Forward,You Me At Six,Fast Forward,Favourites 2019/02/20,Playlist track
Friday I'm In Love,Janet Devlin,Running With Scissors,Favourites 2019/02/20,Playlist track
Los Ageless,St. Vincent,MASSEDUCTION,Favourites 2019/02/20,Playlist track
Cool Kids,Echosmith,Talking Dreams (Deluxe Version),Favourites 2019/02/20,Playlist track
Come Together,Echosmith,Talking Dreams (Deluxe Version),Favourites 2019/02/20,Playlist track
Stop The World I Wanna Get Off With You,Arctic Monkeys,Why'd You Only Call Me When You're High?,Favourites 2019/02/20,Playlist track
Something Human,Muse,Something Human,Favourites 2019/02/20,Playlist track
Space Oddity (2015 Remastered Version),David Bowie,David Bowie (aka Space Oddity) (2015 Remastered Version),Favourites 2019/02/20,Playlist track
Anna Sun,Walk The Moon,Walk The Moon,Favourites 2019/02/20,Playlist track
Shut Up and Dance,Walk The Moon,TALKING IS HARD,Favourites 2019/02/20,Playlist track
One Foot,Walk The Moon,One Foot,Favourites 2019/02/20,Playlist track
Creep,Radiohead,Pablo Honey,Favourites 2019/02/20,Playlist track
It's Time,Imagine Dragons,Night Visions,Favourites 2019/02/20,Playlist track
Somebody That I Used To Know,Gotye,Making Mirrors,Favourites 2019/02/20,Playlist track
Fat Lip,Sum 41,"All Killer, No Filler",Favourites 2019/02/20,Playlist track
No.1 Party Anthem,Arctic Monkeys,AM,Favourites 2019/02/20,Playlist track
Demons,Imagine Dragons,Night Visions,Favourites 2019/02/20,Playlist track
Immaterial,SOPHIE,OIL OF EVERY PEARL'S UN-INSIDES,Favourites 2019/02/20,Playlist track
Low Key,Hannie,Low Key,Favourites 2019/02/20,Playlist track
Little Talks,Of Monsters And Men,My Head Is An Animal,Favourites 2019/02/20,Playlist track
Anywhere,Passenger,Anywhere,Favourites 2019/02/20,Playlist track
Spirits,The Strumbellas,Hope,Favourites 2019/02/20,Playlist track
Feel Good Inc,Gorillaz,Demon Days,Favourites 2019/02/20,Playlist track
Scar Tissue,Red Hot Chili Peppers,Californication (Deluxe Version),Favourites 2019/02/20,Playlist track
On Top Of The World,Imagine Dragons,Night Visions,Favourites 2019/02/20,Playlist track
Slippin',The Magic Gang,The Magic Gang (Deluxe),Favourites 2019/02/20,Playlist track
How Soon Is Now? (2008 Remaster),The Smiths,The Sound Of The Smiths [Deluxe Edition],Favourites 2019/02/20,Playlist track
Everybody Wants To Be Famous,Superorganism,Everybody Wants To Be Famous,Favourites 2019/02/20,Playlist track
Midnight City,M83,Midnight City (Remix EP),Favourites 2019/02/20,Playlist track
Hell or High Water,Passenger,Hell or High Water,Favourites 2019/02/20,Playlist track
"New Person, Same Old Mistakes",Tame Impala,Currents,Favourites 2019/02/20,Playlist track
Another Love,Tom Odell,Songs from Another Love,Favourites 2019/02/20,Playlist track
Can't Pretend,Tom Odell,Songs from Another Love,Favourites 2019/02/20,Playlist track
Leave a Light On,Tom Walker,Leave a Light On,Favourites 2019/02/20,Playlist track
Am I Wrong,Nico & Vinz,Am I Wrong,Favourites 2019/02/20,Playlist track
"Gone, Gone, Gone",Phillip Phillips,The World From The Side Of The Moon,Favourites 2019/02/20,Playlist track
Safe And Sound,Capital Cities,In A Tidal Wave Of Mystery (Deluxe Edition),Favourites 2019/02/20,Playlist track
The Less I Know The Better,Tame Impala,Currents,Favourites 2019/02/20,Playlist track
Fire Flies,Gorillaz,The Now Now,Favourites 2019/02/20,Playlist track
still feel.,half•alive,still feel.,Favourites 2019/02/20,Playlist track
Magic In The Hamptons,Social House,Magic In The Hamptons,Favourites 2019/02/20,Playlist track
Target,Hannie,Target,Favourites 2019/02/20,Playlist track
Happy Now,ZEDD,Happy Now,Favourites 2019/02/20,Playlist track
No One Has To Know,Goldfish,No One Has To Know,Favourites 2019/02/20,Playlist track
Feels So Good ◑,HONNE,Feels So Good ◑ / Shrink ◐,Favourites 2019/02/20,Playlist track
HAPPINESS,NEEDTOBREATHE,H A R D L O V E,Favourites 2019/02/20,Playlist track
Heat of the Summer,Young the Giant,Heat of the Summer,Favourites 2019/02/20,Playlist track
Wait for Me,William Fitzsimmons,Mission Bell,Favourites 2019/02/20,Playlist track
Beach,Petite Noir,Beach,Favourites 2019/02/20,Playlist track
God Help Us All (Demo Version),Noel Gallagher's High Flying Birds,It’s A Beautiful World,Favourites 2019/02/20,Playlist track
Go Fuck Yourself,Two Feet,First Steps,Favourites 2019/02/20,Playlist track
The Best Day,Atmosphere,"To All My Friends, Blood Makes The Blade Holy: the Atmosphere ep's",Favourites 2019/02/20,Playlist track
Starts,Charles William,Starts,Favourites 2019/02/20,Playlist track
Legendary,Welshly Arms,Legendary - EP,Favourites 2019/02/20,Playlist track
One Percent,Gorillaz,The Now Now,Favourites 2019/02/20,Playlist track
Clint Eastwood,Gorillaz,Gorillaz,Favourites 2019/02/20,Playlist track
DARE,Gorillaz,Demon Days,Favourites 2019/02/20,Playlist track
Plans,88rising,Head In The Clouds,Favourites 2019/02/20,Playlist track
My Blood,Twenty One Pilots,My Blood,Favourites 2019/02/20,Playlist track
Saturnz Barz (feat. Popcaan),Gorillaz,Humanz (Deluxe),Favourites 2019/02/20,Playlist track
19-2000,Gorillaz,Gorillaz,Favourites 2019/02/20,Playlist track
Do It All The Time,I DONT KNOW HOW BUT THEY FOUND ME,Do It All The Time,Favourites 2019/02/20,Playlist track
Give Me a Try,The Wombats,Glitterbug,Favourites 2019/02/20,Playlist track
SLOW DANCING IN THE DARK,Joji,SLOW DANCING IN THE DARK,Favourites 2019/02/20,Playlist track
do re mi,Blackbear,digital druglord,Favourites 2019/02/20,Playlist track
Stereo Hearts (feat. Adam Levine),Gym Class Heroes,Stereo Hearts (feat. Adam Levine),Favourites 2019/02/20,Playlist track
1950,King Princess,1950,Favourites 2019/02/20,Playlist track
Vowels,Capital Cities,Vowels,Favourites 2019/02/20,Playlist track
Alone On The Rope,Noel Gallagher's High Flying Birds,If Love Is The Law,Favourites 2019/02/20,Playlist track
Under The Bridge,Red Hot Chili Peppers,Greatest Hits,Favourites 2019/02/20,Playlist track
Sweater Weather,The Neighbourhood,I Love You.,Favourites 2019/02/20,Playlist track
Talking to Myself,Linkin Park,One More Light,Favourites 2019/02/20,Playlist track
Nico And The Niners,Twenty One Pilots,Trench,Favourites 2019/02/20,Playlist track
Chlorine,Twenty One Pilots,Trench,Favourites 2019/02/20,Playlist track
Strangers,Sigrid,Strangers,Favourites 2019/02/20,Playlist track
Don't Kill My Vibe,Sigrid,Don't Kill My Vibe - EP,Favourites 2019/02/20,Playlist track
High Five,Sigrid,Raw,Favourites 2019/02/20,Playlist track
The Hype,Twenty One Pilots,Trench,Favourites 2019/02/20,Playlist track
Pet Cheetah,Twenty One Pilots,Trench,Favourites 2019/02/20,Playlist track
you should see me in a crown,Billie Eilish,you should see me in a crown,Favourites 2019/02/20,Playlist track
Couldn't Give It Away,Bad Sounds,Get Better,Favourites 2019/02/20,Playlist track
Trip Switch,Nothing but Thieves,Trip Switch,Favourites 2019/02/20,Playlist track
High Hopes,Panic! At the Disco,Pray For The Wicked,Favourites 2019/02/20,Playlist track
The Ballad Of Mona Lisa,Panic! At the Disco,Vices & Virtues,Favourites 2019/02/20,Playlist track
Young Dumb & Broke,Khalid,American Teen,Favourites 2019/02/20,Playlist track
Don't Threaten Me With A Good Time,Panic! At the Disco,Death Of A Bachelor,Favourites 2019/02/20,Playlist track
Wouldn't It Be Nice (Stereo),The Beach Boys,Pet Sounds (50th Anniversary Edition),Favourites 2019/02/20,Playlist track
Dream On (Album Version),Noel Gallagher's High Flying Birds,Noel Gallagher's High Flying Birds,Favourites 2019/02/20,Playlist track
Every Breath You Take,The Police,The Very Best Of Sting And The Police,Favourites 2019/02/20,Playlist track
Hurt,Johnny Cash,Hurt (International),Favourites 2019/02/20,Playlist track
Call Me Maybe,Carly Rae Jepsen,Call Me Maybe,Favourites 2019/02/20,Playlist track
Stay Frosty Royal Milk Tea,Fall Out Boy,MANIA,Favourites 2019/02/20,Playlist track
Falling Down (Bonus Track),Lil Peep,"Come Over When You're Sober, Pt. 2",Favourites 2019/02/20,Playlist track
Sickly Sweet Holidays,Dallon Weekes,Xmas Jambz,Favourites 2019/02/20,Playlist track
Spent the Day in Bed,Morrissey,Low in High School,Favourites 2019/02/20,Playlist track
"Hey Look Ma, I Made It",Panic! At the Disco,Pray For The Wicked,Favourites 2019/02/20,Playlist track
Dona Maria,Thiago Brava,Dona Maria,Favourites 2019/02/20,Playlist track
Maremotos,Supercombo,Maremotos,Favourites 2019/02/20,Playlist track
Lay It On Me,Vance Joy,Lay It On Me,Favourites 2019/02/20,Playlist track
Fever Fever,Melody Club,Fever Fever,Favourites 2019/02/20,Playlist track
Swimming Pool Summer,Capital Cities,Swimming Pool Summer,Favourites 2019/02/20,Playlist track
Ghosts,The Presets,Ghosts,Favourites 2019/02/20,Playlist track
Quesadilla,Walk The Moon,Walk The Moon,Favourites 2019/02/20,Playlist track
Verstrahlt,Marteria,Zum Glück in die Zukunft,Favourites 2019/02/20,Playlist track
Prey,The Neighbourhood,Wiped Out!,Favourites 2019/02/20,Playlist track
Cool,Soccer Mommy,Clean,Favourites 2019/02/20,Playlist track
When You Die,MGMT,Little Dark Age,Favourites 2019/02/20,Playlist track
Kids,MGMT,Oracular Spectacular,Favourites 2019/02/20,Playlist track
The Grey,Thrice,Palms,Favourites 2019/02/20,Playlist track
Oceans,The Wombats,Beautiful People Will Ruin Your Life (Extended Version),Favourites 2019/02/20,Playlist track
Crowded City,Black Honey,Black Honey (Deluxe),Favourites 2019/02/20,Playlist track
Zombie Bastards,Weezer,Zombie Bastards,Favourites 2019/02/20,Playlist track
Say Amen (Saturday Night),Panic! At the Disco,Say Amen (Saturday Night),Favourites 2019/02/20,Playlist track
Bohemian Rhapsody,Panic! At the Disco,Suicide Squad: The Album,Favourites 2019/02/20,Playlist track
Death Of A Bachelor,Panic! At the Disco,Death Of A Bachelor,Favourites 2019/02/20,Playlist track
One For The Road,Arctic Monkeys,AM,Favourites 2019/02/20,Playlist track
Feel the Love Go (Edit),Franz Ferdinand,Feel the Love Go (Edit),Favourites 2019/02/20,Playlist track
Human,The Killers,Direct Hits,Favourites 2019/02/20,Playlist track
I Wanna Be Yours,Arctic Monkeys,AM,Favourites 2019/02/20,Playlist track
Anywhere,Passenger,Young as the Morning Old as the Sea,Favourites 2019/02/20,Playlist track
Starman (2002 Remastered Version),David Bowie,Best Of Bowie,Favourites 2019/02/20,Playlist track
Garage Palace (feat. Little Simz),Gorillaz,Garage Palace (feat. Little Simz),Favourites 2019/02/20,Playlist track
Andromeda (feat. DRAM),Gorillaz,Humanz (Deluxe),Favourites 2019/02/20,Playlist track
Tomorrow Comes Today,Gorillaz,Gorillaz,Favourites 2019/02/20,Playlist track
Sorcererz,Gorillaz,The Now Now,Favourites 2019/02/20,Playlist track
I Fall Apart,Post Malone,Stoney (Deluxe),Favourites 2019/02/20,Playlist track
Done for Me (feat. Kehlani),Charlie Puth,Voicenotes,Favourites 2019/02/20,Playlist track
Mirror,IDER,Mirror,Favourites 2019/02/20,Playlist track
I'm Still Standing,Elton John,Too Low For Zero,Favourites 2019/02/20,Playlist track
It's Not Unusual,Tom Jones,It's Not Unusual,Favourites 2019/02/20,Playlist track
Don't Speak,No Doubt,The Singles Collection,Favourites 2019/02/20,Playlist track
Mrs. Robinson,The Lemonheads,The Best Of The Lemonheads (The Atlantic Years),Favourites 2019/02/20,Playlist track
When You Were Young,The Killers,Sam's Town,Favourites 2019/02/20,Playlist track
Life On Mars? (2015 Remastered Version),David Bowie,Hunky Dory (2015 Remastered Version),Favourites 2019/02/20,Playlist track
still feel.,half·alive,still feel.,Favourites 2019/02/20,Playlist track
Stop The World I Wanna Get Off With You,Arctic Monkeys,Why'd You Only Call Me When You're High?,Favourites 2019/02/20,Playlist track
Business,Call Me Loop,Business,Favourites 2019/02/20,Playlist track
Morph,Twenty One Pilots,Trench,Favourites 2019/02/20,Playlist track
Crush Culture,Conan Gray,Sunset Season,Favourites 2019/02/20,Playlist track
Hate Me,Baauer,Hate Me,Favourites 2019/02/20,Playlist track
1999,Charli XCX,1999,Favourites 2019/02/20,Playlist track
Do I Wanna Know?,Arctic Monkeys,Do I Wanna Know?,Favourites 2019/02/20,Playlist track
Let Her Go,Passenger,Let Her Go,Favourites 2019/02/20,Playlist track
Your Love,The Outfield,Super Hits,Favourites 2019/02/20,Playlist track
Everybody Wants To Rule The World,Tears for Fears,Classic 80's,Favourites 2019/02/20,Playlist track
Loving Is Easy,Rex Orange County,Loving Is Easy,Favourites 2019/02/20,Playlist track
Fake Plastic Trees,Radiohead,The Bends,Favourites 2019/02/20,Playlist track
TSLAMP,MGMT,Little Dark Age,Favourites 2019/02/20,Playlist track
The Youth,MGMT,Oracular Spectacular,Favourites 2019/02/20,Playlist track
Grace,Lewis Capaldi,Breach,Favourites 2019/02/20,Playlist track
I Wanna Get Lost With You,Stereophonics,I Wanna Get Lost With You,Favourites 2019/02/20,Playlist track
Lookalike,Conan Gray,Sunset Season,Favourites 2019/02/20,Playlist track
Greek God,Conan Gray,Sunset Season,Favourites 2019/02/20,Playlist track
Electric Love,BØRNS,Candy,Favourites 2019/02/20,Playlist track
Talia,King Princess,Talia,Favourites 2019/02/20,Playlist track
Lucky People,Waterparks,Entertainment,Favourites 2019/02/20,Playlist track
If You Know That I'm Lonely,Fur,If You Know That I'm Lonely,Favourites 2019/02/20,Playlist track
This City,Patrick Stump,Soul Punk,Favourites 2019/02/20,Playlist track
Best Friend,Rex Orange County,Best Friend,Favourites 2019/02/20,Playlist track
American Money,BØRNS,Dopamine,Favourites 2019/02/20,Playlist track
Scary Love,The Neighbourhood,Hard To Imagine The Neighbourhood Ever Changing,Favourites 2019/02/20,Playlist track
Ain't No Rest For The Wicked (Original Version),Cage The Elephant,Cage The Elephant,Favourites 2019/02/20,Playlist track
Here Without You,3 Doors Down,Away From The Sun,Favourites 2019/02/20,Playlist track
Why Do You Feel So Down,Declan McKenna,What Do You Think About the Car?,Favourites 2019/02/20,Playlist track
Girls Like Me,Will Joseph Cook,Girls Like Me,Favourites 2019/02/20,Playlist track
Aawake At Night,half·alive,3,Favourites 2019/02/20,Playlist track
Rude,Magic!,Don't Kill the Magic,Favourites 2019/02/20,Playlist track
Magic,Olympic Ayres,Episode III,Favourites 2019/02/20,Playlist track
Body Moves,DNCE,DNCE,Favourites 2019/02/20,Playlist track
Instant Crush (Unpeeled),Cage The Elephant,Unpeeled,Favourites 2019/02/20,Playlist track
Tarde Livre,Selvagens à Procura de Lei,Praieiro,Favourites 2019/02/20,Playlist track
When Can I See You Again?,Owl City,Detona Ralph,Favourites 2019/02/20,Playlist track
Fireflies,Owl City,Ocean Eyes,Favourites 2019/02/20,Playlist track
Happy Pills,Weathers,Happy Pills,Favourites 2019/02/20,Playlist track
Roaring 20s,Panic! At the Disco,Pray For The Wicked,Favourites 2019/02/20,Playlist track
Old Fashioned,Panic! At the Disco,Pray For The Wicked,Favourites 2019/02/20,Playlist track
Sad Song (Remastered),Oasis,Definitely Maybe (Remastered),Favourites 2019/02/20,Playlist track
Slide Away (Remastered),Oasis,Definitely Maybe (Remastered),Favourites 2019/02/20,Playlist track
Up in the Sky (Remastered Acoustic),Oasis,Definitely Maybe (Remastered),Favourites 2019/02/20,Playlist track
Some Kind of Nature (feat. Lou Reed),Gorillaz,Plastic Beach,Favourites 2019/02/20,Playlist track
Ride,Twenty One Pilots,Blurryface,Favourites 2019/02/20,Playlist track
Dani California,Red Hot Chili Peppers,Stadium Arcadium,Favourites 2019/02/20,Playlist track
Humility (feat. George Benson),Gorillaz,The Now Now,Favourites 2019/02/20,Playlist track
Bubblegum Bitch,Marina,Electra Heart (Deluxe),Favourites 2019/02/20,Playlist track
Gravity,Cat Dealers & Evokings,Gravity,Favourites 2019/02/20,Playlist track
Here Comes Your Man,Pixies,Death To The Pixies,Favourites 2019/02/20,Playlist track
My Demons,Starset,Transmissions,Favourites 2019/02/20,Playlist track
I Always Wanna Die (Sometimes),The 1975,A Brief Inquiry Into Online Relationships,Favourites 2019/02/20,Playlist track
Generation Why,Conan Gray,Sunset Season,Favourites 2019/02/20,Playlist track
Weak,AJR,The Click,Favourites 2019/02/20,Playlist track
Don’t Feel Like Crying,Sigrid,Don't Feel Like Crying,Favourites 2019/02/20,Playlist track
Hollywood (feat. Snoop Dogg & Jamie Principle),Gorillaz,The Now Now,Favourites 2019/02/20,Playlist track
Souk Eye,Gorillaz,The Now Now,Favourites 2019/02/20,Playlist track
Waiting,Jake Bugg,Hearts That Strain,Favourites 2019/02/20,Playlist track
Are You Bored Yet? (feat. Clairo),Wallows,Are You Bored Yet? (feat. Clairo),Favourites 2019/02/20,Playlist track
Demon Days,Gorillaz,Demon Days,Favourites 2019/02/20,Playlist track
I Sat By The Ocean,Queens of the Stone Age,...Like Clockwork,Favourites 2019/02/20,Playlist track
Pompeii,Bastille,Pompeii,Favourites 2019/02/20,Playlist track
Boca de Lobo,Criolo,Boca de Lobo,Favourites 2019/02/20,Playlist track
Girls and Boys,Blur,Blur: The Best Of,Favourites 2019/02/20,Playlist track
Talking in Your Sleep,Will Jay,Will Jay,Favourites 2019/02/20,Playlist track
Otherside,Red Hot Chili Peppers,Californication (Deluxe Version),Favourites 2019/02/20,Playlist track
Snap Out Of It,Arctic Monkeys,AM,Favourites 2019/02/20,Playlist track
girls,girl in red,chapter 1,Favourites 2019/02/20,Playlist track
Hallucinating,Elohim,Elohim,Favourites 2019/02/20,Playlist track
Sweater Weather,"Kurt Hugo Schneider, Alyson Stoner & MAX",Sweater Weather,Favourites 2019/02/20,Playlist track
"Love, Hope And Misery",Jake Bugg,On My One,Favourites 2019/02/20,Playlist track
Chala Vahi Des,Shye Ben Tzur,Junun,Favourites 2019/02/20,Playlist track
Fin,Beirut,Gallipoli,Favourites 2019/02/20,Playlist track
Mexican Dress,Blood Red Shoes,Get Tragic,Favourites 2019/02/20,Playlist track
High Five (Acoustic),Sigrid,High Five (Remixes),Favourites 2019/02/20,Playlist track
Don't Kill My Vibe (Guitar Acoustic),Sigrid,Don't Kill My Vibe (Acoustic Versions),Favourites 2019/02/20,Playlist track
Snow (Hey Oh),Red Hot Chili Peppers,Stadium Arcadium,Favourites 2019/02/20,Playlist track
Chasing Shadows,The Sherlocks,Live for the Moment,Favourites 2019/02/20,Playlist track
Maybe Tomorrow,Stereophonics,Decade In The Sun - Best Of Stereophonics,Favourites 2019/02/20,Playlist track
Dream On,Aerosmith,The Essential Aerosmith,Favourites 2019/02/20,Playlist track
Under Pressure,Queen,Best Of Bowie,Favourites 2019/02/20,Playlist track
Better Now,Post Malone,beerbongs & bentleys,Favourites 2019/02/20,Playlist track
2 e 1,Supercombo,2 e 1,Favourites 2019/02/20,Playlist track
Eu Quero Ser Como Você,Jão,LOBOS,Favourites 2019/02/20,Playlist track
Elevate,DJ Khalil,Spider-Man: Into the Spider-Verse (Soundtrack From & Inspired by the Motion Picture),Favourites 2019/02/20,Playlist track
Golden Trunks,Arctic Monkeys,Tranquility Base Hotel & Casino,Favourites 2019/02/20,Playlist track
R.I.P. 2 My Youth,The Neighbourhood,Wiped Out!,Favourites 2019/02/20,Playlist track
Me Desculpa Jay Z,Baco Exu do Blues,Bluesman,Favourites 2019/02/20,Playlist track
Bluesman,Baco Exu do Blues,Bluesman,Favourites 2019/02/20,Playlist track
Girassóis de Van Gogh,Baco Exu do Blues,Bluesman,Favourites 2019/02/20,Playlist track
The Only Exception,Paramore,brand new eyes,Favourites 2019/02/20,Playlist track
bury a friend,Billie Eilish,bury a friend,Favourites 2019/02/20,Playlist track
Saudade,Luiz Lins,Saudade,Favourites 2019/02/20,Playlist track
